Title,Salary,URL,Source
Local Truck Driver,"$1,200 - $1,700 a week - Full-time, Contract",https://www.indeed.com/rc/clk?jk=f424d1e75aa3c535&bb=93HQcp4prrc1Ribg2DQApsAKiOdaoUBSsCVAmfJCriMzcQ1szDpzC8v9im6LO0hHskWr-IMFTomgJkhKqvpplggZsYBcH6flJMNaiOATdtbMMq1ylmm_XVuPJqlnLbj8k7VjyDeD-hQzvsrNLHmIZA%3D%3D&xkcb=SoD467M3mSVlpkXYph0LbzkdCdPP&fccid=b3b31a3fab545eab&cmp=Rama-Trucking-LLC&ti=Local+Driver&vjs=3,Indeed
"CDL A Truck Driver, $1000 Sign on Bonus","$1,200 - $1,700 a week - Full-time, Contract",https://www.indeed.com/rc/clk?jk=b696fcde9f0eab4c&bb=93HQcp4prrc1Ribg2DQApgYWhUOAfLTfPMG2MWfx4U9dIc30CUGuTuvgTYzbS2VDlV3u0aLHnMxLtTJE33fjFU3aG65YFatnP6dajc6Ae3IoFrYzVL5fUzJOa3C97qZPCCgUBcTBG1MydA3t3aIFag%3D%3D&xkcb=SoBM67M3mSVlpkXYph0KbzkdCdPP&fccid=fe8572b4268f1f0f&vjs=3,Indeed
CDL-A Truck Driver Team,"$1,200 - $1,700 a week - Full-time, Contract",https://www.indeed.com/rc/clk?jk=3c2ee385b7268941&bb=93HQcp4prrc1Ribg2DQApv7xtwVORQsRY1LGT8kXtB3VkS3AE3yYtDeLZfV7EVt5VbFer1O4vHaUc-Ms7iRGk4M9tdeLwysL6lprHJh13g8xN01vx7UYNshcUfYsibnndAwk95q6yV9vSZKcdZhD8w%3D%3D&xkcb=SoDR67M3mSVlpkXYph0JbzkdCdPP&fccid=9c4acc956fc02157&vjs=3,Indeed
CDL-A Truck Driver Local,"$1,200 - $1,700 a week - Full-time, Contract",https://www.indeed.com/rc/clk?jk=4ea9a0c65655ef34&bb=93HQcp4prrc1Ribg2DQApmVreGJq-vCIOmInvcAH-ysEw6Cl-mwxlIlPxOHQucj_jP3FtcZ8mrjn42NGJLql6giwcGXZ8fzZUjJ-lX4DBTHfICLbg0AyZ1Us_AbPFXwxbbOV7jQAAPtMV-gK7IrUsQ%3D%3D&xkcb=SoBl67M3mSVlpkXYph0IbzkdCdPP&fccid=9c4acc956fc02157&vjs=3,Indeed
"CDL Class A Truck Driver - Maywood, CA","$1,200 - $1,700 a week - Full-time, Contract",https://www.indeed.com/rc/clk?jk=28b051335373fcd7&bb=93HQcp4prrc1Ribg2DQApo-klPrR7kD1pVItpqjSYKzd6boTXnWfD7udJy-088RX_jrKNUIKgu8BV6ZuXMQmTVOBSaFMbYL3rGV35H3n0jmRTruzIhH-upCPTu-bG-96KsaOLfeYDB8Ms5qwdDQ6Cg%3D%3D&xkcb=SoDr67M3mSVlpkXYph0PbzkdCdPP&fccid=6b163a19d53584b6&vjs=3,Indeed
CLASS A REGIONAL TRUCK DRIVER,"$1,200 - $1,700 a week - Full-time, Contract",https://www.indeed.com/rc/clk?jk=be5603c687fade11&bb=93HQcp4prrc1Ribg2DQApgE5TmSdMVB7v0VJIzRQZ5fB-AmXeupij2vrzuSdbRK8n296EmLzmbmtSEYcCrQhRi_3poDjD4fj55PL0f_0c-RdD2lc6lOFGGwCzrwK6oT2ZFKmxq0wBGt1OMjooUYnpftGMei4szX2&xkcb=SoBf67M3mSVlpkXYph0ObzkdCdPP&fccid=d037a994a4f7c722&cmp=Apex-Bulk-Commodities&ti=Truck+Driver&vjs=3,Indeed
CDL Driver,"$1,200 - $1,700 a week - Full-time, Contract",https://www.indeed.com/rc/clk?jk=2bc66e92df079c68&bb=93HQcp4prrc1Ribg2DQApsAKiOdaoUBSg9OznVPNoMma_DXE15IqCNXGW9V6SyKY-GG_siSQ0WV0YIVsWdqg7HG9GFEy-HQSc1NlR9Q-lP4ufvt0D5YB04T61d6E9AhyU77BgJULzIOzns1ZGL3bFA%3D%3D&xkcb=SoDC67M3mSVlpkXYph0NbzkdCdPP&fccid=dd616958bd9ddc12&vjs=3,Indeed
Roll-Off Truck,"$1,200 - $1,700 a week - Full-time, Contract",https://www.indeed.com/rc/clk?jk=a67850f9d3ff5c32&bb=93HQcp4prrc1Ribg2DQApmVreGJq-vCIzaIt3-6F0ZINwMhyEwtDWcViO5SL_K4PTobo8dJTrbIvfKh9g0dtePX9mlReHrnoTuSRoR5XpVN3NZqhNweYb9HAWf7JsJbQlO2oJ1I7BTodz-qyDjcI38eGEyyFxH_UtB3PNUeuPGs%3D&xkcb=SoB267M3mSVlpkXYph0MbzkdCdPP&fccid=ba0df68e775380cf&cmp=EP-Logistix&ti=Roll+Off+Driver&vjs=3,Indeed
CDL-A Truck Driver Linehaul,"$1,200 - $1,700 a week - Full-time, Contract",https://www.indeed.com/rc/clk?jk=05ffc7ae89406de0&bb=93HQcp4prrc1Ribg2DQApnKp8BoWjax8ANVSlcFBEidqVGr0yL9l-MVorWnPpAoyJO-tZIbraopwCisMC73v-yljHzlJj4k8WXH1mg3J4vaw-4BZMYDEWJGyMJhZUGjeNyMvj5QPFKMVQFo9rQOb4w%3D%3D&xkcb=SoCf67M3mSVlpkXYph0DbzkdCdPP&fccid=9c4acc956fc02157&vjs=3,Indeed
CDL Driver,"$1,200 - $1,700 a week - Full-time, Contract",https://www.indeed.com/rc/clk?jk=8ac5512a568b8fda&bb=93HQcp4prrc1Ribg2DQApq0ivI4zTLF1GxprVJ48yg2_ewyBfpqF8mXkKiHk4pdgOqjcZed1R_5b8pw3FmbKehKOY17tXL5r4S_wZl-MGxChLiFRe25rcfhIvNweyX7WU27jjfJ1gB9wZFFTye56yw%3D%3D&xkcb=SoAr67M3mSVlpkXYph0CbzkdCdPP&fccid=86e9be6ce380173e&vjs=3,Indeed
Driver Linehaul,"$1,200 - $1,700 a week - Full-time, Contract",https://www.indeed.com/rc/clk?jk=9129d9a618df6809&bb=93HQcp4prrc1Ribg2DQApm89cN0Qp9yMMED-zAEvgLX9A4ZjWJzFhYJCL7HOUOQb_rT3bvHnxZ272CSpXkFgIvASumvQ_IHPyIXXzgoBAJfdbFnIcRUAmVtXO0d-r6bYFyImEvPZz_60IBM8P5aGFw%3D%3D&xkcb=SoC267M3mSVlpkXYph0BbzkdCdPP&fccid=9c4acc956fc02157&vjs=3,Indeed
Truck Driver,"$1,200 - $1,700 a week - Full-time, Contract",https://www.indeed.com/rc/clk?jk=325d84e0a3cdd3ba&bb=93HQcp4prrc1Ribg2DQApq5JrvVSm_Ow__vP96D7csgn5x1zYE1yt-OMM0Bqk2m7Blmr5YX6zhOg7c_q6J1v_DyLZ9YolHcHZzeWB6yYU3li_8R_1_5mH_RpQmxgD77RDBV4huVOP-E_UVRdAszXF6MahBeGoup0&xkcb=SoAC67M3mSVlpkXYph0AbzkdCdPP&fccid=5d958cc64f057ad2&vjs=3,Indeed
Commercial Truck Driver,"$1,200 - $1,700 a week - Full-time, Contract",https://www.indeed.com/rc/clk?jk=7230740749198244&bb=93HQcp4prrc1Ribg2DQApnusIoqlFSIcfbOMqyJS2eRXoTGP7_CC5eVrwcB5elo7dmDnv5DCkilACSnkahYxNaKuOTZ8O9hU1Fs5HmTTmAgJyWefeT34RhNokGJfQAloDYpU04SfZ95QvGvkkwdsDA%3D%3D&xkcb=SoCM67M3mSVlpkXYph0HbzkdCdPP&fccid=9e1a5f9f300b4a8e&cmp=dhillon-trucking&ti=Truck+Driver&vjs=3,Indeed
CDL-CLASS A-SHUTTLE DRIVER-HOME DAILY,"$1,200 - $1,700 a week - Full-time, Contract",https://www.indeed.com/rc/clk?jk=bb0aa586bafae4c9&bb=93HQcp4prrc1Ribg2DQApl_maWs0F2exycKxi4t8V3Q9M2XHzFFAUmvDfe7OlKedXYo5uCpsmR8DlXMo8gd9VqLNjIaSOmm7ZHX1I6kkMwG3AqwR_MNPJxwTp47Juia9I7QYh-WbED1Ron0EdVTfyQ%3D%3D&xkcb=SoA467M3mSVlpkXYph0GbzkdCdPP&fccid=63aed961c90f1dd4&vjs=3,Indeed
Semi Local Run CDL-A Truck Driver,"$1,200 - $1,700 a week - Full-time, Contract",https://www.indeed.com/rc/clk?jk=9f56e75cea1f1828&bb=93HQcp4prrc1Ribg2DQAps7ZsNt49AXP0GQlE9chApryfV9AdxUDvYa-B0g1kHw5EK0kvRVrUnMOEM6kMWf9CmD7vwU6L_Wlfo8IpeNRy6Fpx6mvKSoQ-FOnSsB9z48UdKe4SYa74PDpNfMWU1Y6wA%3D%3D&xkcb=SoCl67M3mSVlpkXYph0FbzkdCdPP&fccid=0178fb2d5ccc28e2&vjs=3,Indeed
